427605687137161134,2020-09-30T00:32:04,9893,true
803037864206680649,2021-03-07T09:29:46,9079,true
5202507631579384726,2024-08-04T23:03:24,9875,true
8234744451599386845,2021-11-14T04:07:09,0548,true
8465795647391092193,2023-06-13T04:27:37,1221,true
8420617163298982661,2023-11-13T20:32:18,1077,true
734614094825212357,2021-10-02T15:02:40,2974,true
5639613695354617903,2020-05-27T02:21:16,5414,true
2877242117357783005,2023-04-02T20:19:36,9035,true
6807401620471893846,2020-09-25T00:39:29,7148,true
3245999160888084853,2024-06-17T23:01:32,6394,true
6505517813426835321,2021-05-20T15:41:56,7265,true
2238315873744146377,2021-11-16T11:16:52,8559,true
857017295776860625,2020-08-29T11:30:31,8066,true
8897005472469634993,2021-12-06T06:55:49,4941,true
7135301862774885799,2021-03-26T09:19:11,0718,true
8554302315084205343,2021-02-14T00:40:47,2301,true
5592793912355606030,2020-07-22T09:23:21,3605,true
5895307533009898623,2023-09-21T01:58:34,5823,true
1832034447917598279,2023-01-26T04:30:31,4761,true
8461185172575568738,2023-06-15T11:51:36,1977,true
3560811289904300701,2020-06-19T10:28:01,8201,true
5674287418110525674,2023-08-09T09:54:30,2066,true
7627768219188217984,2024-04-27T10:14:37,6189,true
8417492396607950088,2020-04-03T19:50:59,2432,true
7291581569028343634,2023-03-08T20:34:45,7474,true
4572394093658850367,2024-02-08T20:44:55,9904,true
5570058814589453996,2024-06-09T10:59:47,6195,true
599687924370130850,2023-03-16T04:28:25,0565,true
8229322676926828131,2023-04-07T01:00:23,8532,true
7616007811192211472,2023-07-28T18:27:28,5868,true
8045233628505786945,2020-12-22T19:18:43,6843,true
659130192065217807,2024-02-09T10:25:55,5320,true
8899862676095780979,2020-08-16T22:47:39,8815,true
1174723324187133776,2023-10-06T14:41:48,4373,true
7183194725358519772,2022-12-19T02:35:12,9561,true
6326427951785134920,2023-07-08T21:34:32,8817,true
1266620380287681622,2022-10-31T06:43:07,4307,true
5538724273088777419,2022-08-17T08:23:43,2239,true
8564166906752027029,2020-10-24T23:12:07,0630,true
3834004290568866278,2023-11-16T21:18:22,0471,true
940669255014435279,2023-08-29T16:31:17,2951,true
7182259174962710068,2024-08-27T04:32:38,4171,true
7981665127901318803,2022-08-22T04:52:24,2175,true
1975868556425055026,2021-07-14T14:21:31,1229,true
2221618495677743430,2021-11-13T18:39:57,2620,true
8806789955583099245,2022-03-09T03:56:49,4255,true
6845978864239462492,2021-02-11T19:55:56,4297,true
8559561471838407521,2021-02-25T17:59:04,2028,true
8052798707928942316,2020-10-21T05:37:12,3147,true
